customer_id,customer_name,email,phone,city,state,registration_date,age,gender
1,Deepak Singh,deepak.singh1@gmail.com,9362950628,Mumbai,Maharashtra,2022-05-21,32,Male
2,Pallavi Singh,pallavi.singh2@gmail.com,9193349856,Surat,Gujarat,2022-10-07,55,Female
3,Priya Sharma,priya.sharma3@gmail.com,9349817734,Delhi,Delhi,2022-04-22,50,Male
4,Nisha Mehta,nisha.mehta4@gmail.com,9853041955,Chandigarh,Punjab,2022-11-29,52,Female
5,Pooja Mishra,pooja.mishra5@gmail.com,9969119330,Lucknow,Uttar Pradesh,2022-05-23,18,Male
6,Amit Kapoor,amit.kapoor6@gmail.com,9266944844,Kolkata,West Bengal,2022-05-23,31,Female
7,Sneha Reddy,sneha.reddy7@gmail.com,9485451171,Pune,Maharashtra,2022-02-19,40,Female
8,Riya Patel,riya.patel8@gmail.com,9675770529,Chandigarh,Punjab,2022-08-24,25,Female
9,Rohan Das,rohan.das9@gmail.com,9764130526,Chennai,Tamil Nadu,2022-11-18,41,Male
10,Amit Reddy,amit.reddy10@gmail.com,9344703907,Mumbai,Maharashtra,2022-12-05,36,Male
11,Tanvi Joshi,tanvi.joshi11@gmail.com,9398471886,Delhi,Delhi,2022-07-14,47,Female
12,Ananya Shah,ananya.shah12@gmail.com,9819595113,Kolkata,West Bengal,2022-04-18,35,Male
13,Ayesha Nair,ayesha.nair13@gmail.com,9275452091,Jaipur,Rajasthan,2022-05-06,47,Female
14,Rahul Das,rahul.das14@gmail.com,9448195935,Hyderabad,Telangana,2022-12-17,21,Male
15,Vivek Patel,vivek.patel15@gmail.com,9387484583,Kolkata,West Bengal,2022-07-25,22,Male
16,Shreya Pillai,shreya.pillai16@gmail.com,9328306011,Chandigarh,Punjab,2022-06-11,59,Female
17,Nikhil Mishra,nikhil.mishra17@gmail.com,9249926919,Bengaluru,Karnataka,2022-05-16,33,Female
18,Pallavi Pillai,pallavi.pillai18@gmail.com,9528853029,Pune,Maharashtra,2022-10-26,41,Male
19,Vikram Bose,vikram.bose19@gmail.com,9911514914,Ahmedabad,Gujarat,2022-02-16,21,Male
20,Vikram Nair,vikram.nair20@gmail.com,9740389325,Surat,Gujarat,2022-08-05,22,Female
21,Nikhil Tiwari,nikhil.tiwari21@gmail.com,9369953851,Ahmedabad,Gujarat,2022-09-28,53,Male
22,Simran Singh,simran.singh22@gmail.com,9906248900,Surat,Gujarat,2022-10-02,35,Female
23,Sneha Rao,sneha.rao23@gmail.com,9587182120,Pune,Maharashtra,2022-03-22,18,Female
24,Suresh Nair,suresh.nair24@gmail.com,9771410971,Jaipur,Rajasthan,2022-02-24,37,Male
25,Vikram Shah,vikram.shah25@gmail.com,9936043811,Bengaluru,Karnataka,2022-10-04,51,Male
26,Ayesha Verma,ayesha.verma26@gmail.com,9220117054,Ahmedabad,Gujarat,2022-01-10,41,Female
27,Pooja Patel,pooja.patel27@gmail.com,9184564737,Hyderabad,Telangana,2022-10-18,23,Female
28,Vivek Reddy,vivek.reddy28@gmail.com,9237859287,Jaipur,Rajasthan,2022-03-06,60,Female
29,Nisha Nair,nisha.nair29@gmail.com,9751325257,Chennai,Tamil Nadu,2022-09-28,45,Male
30,Shreya Das,shreya.das30@gmail.com,9315984311,Chandigarh,Punjab,2022-12-20,37,Female
31,Simran Shah,simran.shah31@gmail.com,9584779555,Ahmedabad,Gujarat,2022-09-22,25,Male
32,Pooja Reddy,pooja.reddy32@gmail.com,9731691672,Kolkata,West Bengal,2022-01-11,53,Male
33,Rajesh Joshi,rajesh.joshi33@gmail.com,9860038427,Mumbai,Maharashtra,2022-02-06,58,Male
34,Pooja Reddy,pooja.reddy34@gmail.com,9176082500,Mumbai,Maharashtra,2022-06-19,50,Male
35,Rahul Chaudhary,rahul.chaudhary35@gmail.com,9242068763,Hyderabad,Telangana,2022-10-04,54,Female
36,Pooja Chaudhary,pooja.chaudhary36@gmail.com,9201281557,Pune,Maharashtra,2022-04-08,24,Female
37,Meera Kapoor,meera.kapoor37@gmail.com,9882839238,Pune,Maharashtra,2022-08-28,21,Male
38,Priya Iyer,priya.iyer38@gmail.com,9959629660,Chandigarh,Punjab,2022-06-23,24,Male
39,Karan Mehta,karan.mehta39@gmail.com,9250519597,Jaipur,Rajasthan,2022-08-18,45,Male
40,Rahul Mishra,rahul.mishra40@gmail.com,9575808013,Hyderabad,Telangana,2022-02-08,53,Male
41,Priya Das,priya.das41@gmail.com,9909134796,Mumbai,Maharashtra,2022-02-17,33,Male
42,Swati Chaudhary,swati.chaudhary42@gmail.com,9530613729,Ahmedabad,Gujarat,2022-04-20,21,Male
43,Nikhil Sharma,nikhil.sharma43@gmail.com,9941889393,Pune,Maharashtra,2022-05-16,47,Female
44,Swati Das,swati.das44@gmail.com,9266211829,Surat,Gujarat,2022-09-07,30,Female
45,Karan Patel,karan.patel45@gmail.com,9165452690,Lucknow,Uttar Pradesh,2022-10-05,38,Male
46,Priya Pillai,priya.pillai46@gmail.com,9670292350,Ahmedabad,Gujarat,2022-09-15,28,Male
47,Suresh Reddy,suresh.reddy47@gmail.com,9738914080,Bengaluru,Karnataka,2022-02-05,22,Male
48,Nikhil Singh,nikhil.singh48@gmail.com,9721609600,Lucknow,Uttar Pradesh,2022-05-07,56,Male
49,Ayesha Reddy,ayesha.reddy49@gmail.com,9726713347,Pune,Maharashtra,2022-12-03,54,Female
50,Shreya Gupta,shreya.gupta50@gmail.com,9869005091,Hyderabad,Telangana,2022-12-09,38,Male
51,Rahul Iyer,rahul.iyer51@gmail.com,9793101194,Bengaluru,Karnataka,2022-12-10,37,Female
52,Arjun Reddy,arjun.reddy52@gmail.com,9766964667,Mumbai,Maharashtra,2022-08-23,54,Male
53,Rohan Das,rohan.das53@gmail.com,9384756779,Hyderabad,Telangana,2022-09-17,26,Female
54,Mohit Reddy,mohit.reddy54@gmail.com,9406002884,Hyderabad,Telangana,2022-07-09,28,Female
55,Vivek Das,vivek.das55@gmail.com,9756783995,Chandigarh,Punjab,2022-06-04,59,Male
56,Simran Das,simran.das56@gmail.com,9211225158,Chennai,Tamil Nadu,2022-12-06,26,Female
57,Sneha Singh,sneha.singh57@gmail.com,9266910922,Chandigarh,Punjab,2022-10-11,35,Female
58,Ayesha Mehta,ayesha.mehta58@gmail.com,9318610946,Chandigarh,Punjab,2022-06-25,58,Female
59,Suresh Chaudhary,suresh.chaudhary59@gmail.com,9199104722,Chennai,Tamil Nadu,2022-01-27,58,Female
60,Vivek Gupta,vivek.gupta60@gmail.com,9458153605,Mumbai,Maharashtra,2022-01-02,26,Female
61,Ananya Mishra,ananya.mishra61@gmail.com,9559225330,Jaipur,Rajasthan,2022-12-28,53,Male
62,Sneha Reddy,sneha.reddy62@gmail.com,9685823118,Chandigarh,Punjab,2022-03-18,20,Female
63,Rajesh Das,rajesh.das63@gmail.com,9236843584,Bengaluru,Karnataka,2022-08-09,20,Female
64,Meera Patel,meera.patel64@gmail.com,9832363533,Kolkata,West Bengal,2022-04-18,33,Male
65,Meera Das,meera.das65@gmail.com,9904745462,Pune,Maharashtra,2022-11-14,27,Male
66,Tanvi Nair,tanvi.nair66@gmail.com,9126614158,Bengaluru,Karnataka,2022-07-31,29,Female
67,Riya Kapoor,riya.kapoor67@gmail.com,9386480450,Surat,Gujarat,2022-05-08,28,Male
68,Nikhil Patel,nikhil.patel68@gmail.com,9314289692,Ahmedabad,Gujarat,2022-04-24,47,Female
69,Divya Joshi,divya.joshi69@gmail.com,9808705238,Hyderabad,Telangana,2022-01-13,30,Female
70,Arjun Gupta,arjun.gupta70@gmail.com,9477040284,Delhi,Delhi,2022-05-23,59,Female
71,Simran Das,simran.das71@gmail.com,9223847257,Kolkata,West Bengal,2022-01-15,34,Male
72,Rajesh Gupta,rajesh.gupta72@gmail.com,9740563507,Mumbai,Maharashtra,2022-02-25,45,Female
73,Pallavi Verma,pallavi.verma73@gmail.com,9649136331,Pune,Maharashtra,2022-11-07,25,Female
74,Mohit Pillai,mohit.pillai74@gmail.com,9147659674,Hyderabad,Telangana,2022-05-11,45,Male
75,Suresh Das,suresh.das75@gmail.com,9311564862,Surat,Gujarat,2022-12-10,41,Female
76,Rohan Verma,rohan.verma76@gmail.com,9812306873,Lucknow,Uttar Pradesh,2022-06-10,25,Female
77,Suresh Rao,suresh.rao77@gmail.com,9450236225,Surat,Gujarat,2022-07-29,43,Female
78,Nisha Kumar,nisha.kumar78@gmail.com,9813962536,Hyderabad,Telangana,2022-08-04,42,Male
79,Ayesha Pillai,ayesha.pillai79@gmail.com,9688343096,Chennai,Tamil Nadu,2022-07-27,18,Female
80,Divya Mehta,divya.mehta80@gmail.com,9751397897,Pune,Maharashtra,2022-10-24,59,Female
81,Aditya Mishra,aditya.mishra81@gmail.com,9329460134,Ahmedabad,Gujarat,2022-12-12,50,Female
82,Riya Nair,riya.nair82@gmail.com,9404713332,Surat,Gujarat,2022-02-13,50,Female
83,Rohan Joshi,rohan.joshi83@gmail.com,9341206079,Surat,Gujarat,2022-06-08,30,Male
84,Aarav Patel,aarav.patel84@gmail.com,9756350429,Hyderabad,Telangana,2022-09-01,22,Female
85,Swati Pillai,swati.pillai85@gmail.com,9512293741,Hyderabad,Telangana,2022-12-23,49,Female
86,Pooja Kumar,pooja.kumar86@gmail.com,9105953697,Surat,Gujarat,2022-12-19,24,Female
87,Pooja Nair,pooja.nair87@gmail.com,9598806645,Chandigarh,Punjab,2022-09-23,21,Male
88,Shreya Singh,shreya.singh88@gmail.com,9960514523,Ahmedabad,Gujarat,2022-03-10,47,Female
89,Sanjay Mishra,sanjay.mishra89@gmail.com,9558209399,Lucknow,Uttar Pradesh,2022-09-16,53,Female
90,Mohit Nair,mohit.nair90@gmail.com,9583258726,Chandigarh,Punjab,2022-09-01,34,Male
91,Vivek Gupta,vivek.gupta91@gmail.com,9772966010,Jaipur,Rajasthan,2022-09-06,33,Female
92,Aditya Reddy,aditya.reddy92@gmail.com,9351785565,Chandigarh,Punjab,2022-05-27,35,Female
93,Arjun Das,arjun.das93@gmail.com,9261953189,Delhi,Delhi,2022-03-12,32,Female
94,Amit Kumar,amit.kumar94@gmail.com,9168965204,Chandigarh,Punjab,2022-04-20,44,Female
95,Arjun Das,arjun.das95@gmail.com,9166857303,Ahmedabad,Gujarat,2022-08-01,31,Female
96,Nikhil Pillai,nikhil.pillai96@gmail.com,9922050912,Chandigarh,Punjab,2022-01-11,54,Female
97,Kavya Sharma,kavya.sharma97@gmail.com,9909037759,Kolkata,West Bengal,2022-06-02,42,Female
98,Nisha Das,nisha.das98@gmail.com,9624232414,Lucknow,Uttar Pradesh,2022-04-23,32,Female
99,Swati Chaudhary,swati.chaudhary99@gmail.com,9460916347,Mumbai,Maharashtra,2022-07-19,60,Female
100,Pallavi Nair,pallavi.nair100@gmail.com,9768143326,Ahmedabad,Gujarat,2022-03-07,52,Male
101,Shreya Iyer,shreya.iyer101@gmail.com,9811890569,Lucknow,Uttar Pradesh,2022-10-16,19,Male
102,Deepak Kapoor,deepak.kapoor102@gmail.com,9295130056,Bengaluru,Karnataka,2022-08-25,21,Female
103,Nikhil Verma,nikhil.verma103@gmail.com,9450948014,Hyderabad,Telangana,2022-08-21,39,Female
104,Rahul Kapoor,rahul.kapoor104@gmail.com,9604988121,Chennai,Tamil Nadu,2022-02-11,19,Male
105,Meera Joshi,meera.joshi105@gmail.com,9938842599,Surat,Gujarat,2022-02-05,59,Male
106,Sanjay Sharma,sanjay.sharma106@gmail.com,9121882877,Hyderabad,Telangana,2022-04-13,57,Male
107,Pooja Kumar,pooja.kumar107@gmail.com,9222824732,Ahmedabad,Gujarat,2022-12-09,54,Male
108,Aditya Gupta,aditya.gupta108@gmail.com,9750572325,Kolkata,West Bengal,2022-03-27,56,Male
109,Sanjay Nair,sanjay.nair109@gmail.com,9721358005,Chennai,Tamil Nadu,2022-02-25,19,Female
110,Rajesh Iyer,rajesh.iyer110@gmail.com,9181600593,Pune,Maharashtra,2022-04-12,55,Male
111,Sneha Rao,sneha.rao111@gmail.com,9964929067,Surat,Gujarat,2022-11-04,25,Male
112,Meera Das,meera.das112@gmail.com,9497897455,Pune,Maharashtra,2022-12-05,22,Female
113,Aarav Kapoor,aarav.kapoor113@gmail.com,9565492204,Ahmedabad,Gujarat,2022-02-24,41,Female
114,Amit Kumar,amit.kumar114@gmail.com,9887906704,Pune,Maharashtra,2022-04-01,51,Female
115,Ayesha Das,ayesha.das115@gmail.com,9567694547,Ahmedabad,Gujarat,2022-08-27,55,Female
116,Arjun Joshi,arjun.joshi116@gmail.com,9584044963,Delhi,Delhi,2022-05-23,33,Female
117,Rajesh Tiwari,rajesh.tiwari117@gmail.com,9461203124,Surat,Gujarat,2022-07-14,19,Female
118,Tanvi Verma,tanvi.verma118@gmail.com,9327761953,Bengaluru,Karnataka,2022-09-07,40,Female
119,Arjun Gupta,arjun.gupta119@gmail.com,9396641124,Lucknow,Uttar Pradesh,2022-12-26,53,Male
120,Suresh Mehta,suresh.mehta120@gmail.com,9873174285,Delhi,Delhi,2022-05-04,44,Female
121,Nisha Joshi,nisha.joshi121@gmail.com,9793532952,Chandigarh,Punjab,2022-09-01,49,Female
122,Riya Sharma,riya.sharma122@gmail.com,9337937327,Delhi,Delhi,2022-05-31,43,Male
123,Divya Pillai,divya.pillai123@gmail.com,9694287057,Kolkata,West Bengal,2022-08-31,51,Female
124,Swati Das,swati.das124@gmail.com,9854684750,Kolkata,West Bengal,2022-06-30,47,Female
125,Divya Gupta,divya.gupta125@gmail.com,9874473159,Hyderabad,Telangana,2022-03-03,30,Female
126,Sneha Das,sneha.das126@gmail.com,9305665554,Chandigarh,Punjab,2022-04-05,31,Female
127,Rahul Pillai,rahul.pillai127@gmail.com,9403867539,Jaipur,Rajasthan,2022-11-02,24,Male
128,Divya Joshi,divya.joshi128@gmail.com,9424557359,Kolkata,West Bengal,2022-04-02,18,Male
129,Rahul Patel,rahul.patel129@gmail.com,9413679331,Mumbai,Maharashtra,2022-10-11,26,Female
130,Sneha Sharma,sneha.sharma130@gmail.com,9604011128,Lucknow,Uttar Pradesh,2022-05-26,48,Female
131,Arjun Nair,arjun.nair131@gmail.com,9612957813,Mumbai,Maharashtra,2022-05-10,25,Male
132,Nikhil Chaudhary,nikhil.chaudhary132@gmail.com,9775862179,Delhi,Delhi,2022-10-23,21,Male
133,Vikram Pillai,vikram.pillai133@gmail.com,9366493008,Chennai,Tamil Nadu,2022-02-13,25,Female
134,Ayesha Tiwari,ayesha.tiwari134@gmail.com,9932894596,Lucknow,Uttar Pradesh,2022-04-26,51,Female
135,Aditya Mishra,aditya.mishra135@gmail.com,9560452529,Chennai,Tamil Nadu,2022-10-29,37,Male
136,Ayesha Singh,ayesha.singh136@gmail.com,9326586581,Hyderabad,Telangana,2022-11-17,34,Male
137,Ananya Joshi,ananya.joshi137@gmail.com,9180600295,Bengaluru,Karnataka,2022-10-10,28,Male
138,Swati Mishra,swati.mishra138@gmail.com,9604564682,Chandigarh,Punjab,2022-11-01,36,Male
139,Pooja Rao,pooja.rao139@gmail.com,9854827139,Chandigarh,Punjab,2022-05-25,47,Male
140,Simran Joshi,simran.joshi140@gmail.com,9733281747,Chennai,Tamil Nadu,2022-11-17,60,Male
141,Swati Singh,swati.singh141@gmail.com,9795392488,Jaipur,Rajasthan,2022-04-26,27,Female
142,Vivek Kumar,vivek.kumar142@gmail.com,9278158234,Delhi,Delhi,2022-01-31,37,Female
143,Aditya Singh,aditya.singh143@gmail.com,9426515425,Ahmedabad,Gujarat,2022-12-19,43,Female
144,Suresh Das,suresh.das144@gmail.com,9186373782,Ahmedabad,Gujarat,2022-08-13,56,Male
145,Mohit Kapoor,mohit.kapoor145@gmail.com,9748232591,Chandigarh,Punjab,2022-06-15,34,Male
146,Rohan Joshi,rohan.joshi146@gmail.com,9730418447,Surat,Gujarat,2022-10-22,19,Female
147,Rajesh Patel,rajesh.patel147@gmail.com,9657233178,Bengaluru,Karnataka,2022-08-29,59,Female
148,Shreya Gupta,shreya.gupta148@gmail.com,9568027936,Bengaluru,Karnataka,2022-10-27,58,Female
149,Rohan Chaudhary,rohan.chaudhary149@gmail.com,9457887167,Kolkata,West Bengal,2022-07-29,38,Male
150,Tanvi Nair,tanvi.nair150@gmail.com,9844826434,Kolkata,West Bengal,2022-07-30,49,Female
151,Simran Iyer,simran.iyer151@gmail.com,9588365604,Jaipur,Rajasthan,2022-01-19,23,Female
152,Rahul Verma,rahul.verma152@gmail.com,9652543518,Delhi,Delhi,2022-07-26,18,Female
153,Swati Patel,swati.patel153@gmail.com,9488457631,Hyderabad,Telangana,2022-09-23,57,Female
154,Deepak Mishra,deepak.mishra154@gmail.com,9386749454,Mumbai,Maharashtra,2022-04-15,53,Male
155,Shreya Rao,shreya.rao155@gmail.com,9620455331,Ahmedabad,Gujarat,2022-12-24,25,Male
156,Deepak Tiwari,deepak.tiwari156@gmail.com,9270057261,Hyderabad,Telangana,2022-12-30,37,Male
157,Nisha Kapoor,nisha.kapoor157@gmail.com,9221827951,Delhi,Delhi,2022-04-26,47,Male
158,Deepak Kumar,deepak.kumar158@gmail.com,9646397165,Ahmedabad,Gujarat,2022-05-30,35,Female
159,Vivek Chaudhary,vivek.chaudhary159@gmail.com,9590470737,Ahmedabad,Gujarat,2022-05-05,53,Male
160,Nikhil Mehta,nikhil.mehta160@gmail.com,9901325519,Lucknow,Uttar Pradesh,2022-09-18,26,Male
161,Rahul Kapoor,rahul.kapoor161@gmail.com,9386874458,Kolkata,West Bengal,2022-09-17,18,Female
162,Pallavi Rao,pallavi.rao162@gmail.com,9808605988,Lucknow,Uttar Pradesh,2022-10-24,49,Male
163,Aditya Das,aditya.das163@gmail.com,9456954682,Ahmedabad,Gujarat,2022-06-26,53,Female
164,Aditya Verma,aditya.verma164@gmail.com,9356415500,Hyderabad,Telangana,2022-12-24,54,Female
165,Pooja Kapoor,pooja.kapoor165@gmail.com,9899621068,Mumbai,Maharashtra,2022-06-12,48,Female
166,Nikhil Kumar,nikhil.kumar166@gmail.com,9235555899,Ahmedabad,Gujarat,2022-01-19,50,Female
167,Tanvi Singh,tanvi.singh167@gmail.com,9664735673,Ahmedabad,Gujarat,2022-02-21,47,Male
168,Pallavi Kumar,pallavi.kumar168@gmail.com,9265744099,Pune,Maharashtra,2022-12-02,22,Female
169,Riya Gupta,riya.gupta169@gmail.com,9843785903,Kolkata,West Bengal,2022-11-16,43,Male
170,Tanvi Verma,tanvi.verma170@gmail.com,9508031980,Surat,Gujarat,2022-10-01,38,Female
171,Tanvi Das,tanvi.das171@gmail.com,9173466219,Mumbai,Maharashtra,2022-11-13,33,Female
172,Pooja Reddy,pooja.reddy172@gmail.com,9916440738,Pune,Maharashtra,2022-02-20,58,Male
173,Aditya Nair,aditya.nair173@gmail.com,9131081879,Chandigarh,Punjab,2022-06-03,20,Female
174,Riya Patel,riya.patel174@gmail.com,9502482554,Chennai,Tamil Nadu,2022-07-03,45,Male
175,Pooja Bose,pooja.bose175@gmail.com,9832077572,Pune,Maharashtra,2022-10-17,29,Male
176,Ananya Reddy,ananya.reddy176@gmail.com,9765408938,Lucknow,Uttar Pradesh,2022-07-15,33,Female
177,Shreya Pillai,shreya.pillai177@gmail.com,9595155950,Bengaluru,Karnataka,2022-04-29,58,Female
178,Aditya Gupta,aditya.gupta178@gmail.com,9963968184,Surat,Gujarat,2022-01-05,47,Female
179,Simran Das,simran.das179@gmail.com,9574303740,Bengaluru,Karnataka,2022-02-07,40,Female
180,Deepak Kapoor,deepak.kapoor180@gmail.com,9590523712,Chandigarh,Punjab,2022-05-09,37,Male
181,Nikhil Chaudhary,nikhil.chaudhary181@gmail.com,9509486794,Delhi,Delhi,2022-05-02,54,Female
182,Rajesh Rao,rajesh.rao182@gmail.com,9123557463,Chandigarh,Punjab,2022-06-01,60,Female
183,Rahul Sharma,rahul.sharma183@gmail.com,9935705734,Lucknow,Uttar Pradesh,2022-12-18,21,Female
184,Vivek Rao,vivek.rao184@gmail.com,9961067882,Hyderabad,Telangana,2022-11-07,40,Male
185,Deepak Mehta,deepak.mehta185@gmail.com,9827744047,Lucknow,Uttar Pradesh,2022-05-09,60,Male
186,Deepak Singh,deepak.singh186@gmail.com,9142329671,Surat,Gujarat,2022-11-27,37,Female
187,Priya Pillai,priya.pillai187@gmail.com,9196779973,Kolkata,West Bengal,2022-03-09,36,Female
188,Pallavi Kapoor,pallavi.kapoor188@gmail.com,9241905500,Bengaluru,Karnataka,2022-04-13,52,Female
189,Suresh Bose,suresh.bose189@gmail.com,9375919523,Chennai,Tamil Nadu,2022-03-26,48,Female
190,Pallavi Verma,pallavi.verma190@gmail.com,9180852074,Delhi,Delhi,2022-08-28,27,Male
191,Tanvi Iyer,tanvi.iyer191@gmail.com,9196961971,Jaipur,Rajasthan,2022-07-07,43,Male
192,Rahul Das,rahul.das192@gmail.com,9495765839,Delhi,Delhi,2022-08-21,34,Female
193,Vivek Shah,vivek.shah193@gmail.com,9351064359,Delhi,Delhi,2022-12-12,48,Male
194,Ayesha Das,ayesha.das194@gmail.com,9337691219,Kolkata,West Bengal,2022-11-09,59,Male
195,Deepak Mishra,deepak.mishra195@gmail.com,9797115550,Chandigarh,Punjab,2022-06-04,44,Male
196,Vikram Patel,vikram.patel196@gmail.com,9628951656,Mumbai,Maharashtra,2022-06-05,25,Male
197,Pooja Das,pooja.das197@gmail.com,9587096273,Bengaluru,Karnataka,2022-07-18,41,Female
198,Rajesh Kumar,rajesh.kumar198@gmail.com,9206323670,Pune,Maharashtra,2022-12-02,49,Female
199,Rahul Patel,rahul.patel199@gmail.com,9333291547,Chandigarh,Punjab,2022-07-09,46,Female
200,Pooja Shah,pooja.shah200@gmail.com,9494422907,Delhi,Delhi,2022-12-18,52,Female
